wake_word,slice_type,slice_value,n_units,n_chunks,n_positives,n_confusable,negative_hours,frr_at_0_1,frr_at_0_5,frr_at_1,frr_at_3,frr_at_0_1_lo,frr_at_0_1_hi,frr_at_0_5_lo,frr_at_0_5_hi,frr_at_1_lo,frr_at_1_hi,frr_at_3_lo,frr_at_3_hi,threshold_at_0_5,eer,aut,aut_lo,aut_hi,confusable_fa_per_1000,latency_p50_s,latency_p90_s,latency_p99_s,rtf_median
alexa,all,all,342,376,329,1,11.268306805555556,0.057750759878419454,0.05167173252279635,0.0243161094224924,0.015197568389057751,0.03624863088718511,0.09410530727286123,0.021403654795750415,0.07717264902481455,0.01213871235147831,0.06287425149700598,0.0030581039755351682,0.03188330660473001,0.96,0.0364741641337386,0.04235463029432879,0.023395342040363788,0.06445974926502564,0.0,-1.18,-0.74,-0.5444000000000006,0.04324945851251305
alexa,domain,other,329,329,329,0,0.0,,,,,1.0,1.0,1.0,1.0,1.0,1.0,1.0,1.0,,NaN,1.0000000000000002,1.0000000000000002,1.0000000000000002,,,,,0.04458746105363523
alexa,domain,podcast,8,15,0,0,3.4457141319444444,NaN,NaN,NaN,NaN,NaN,NaN,NaN,NaN,NaN,NaN,NaN,NaN,0.49,NaN,NaN,NaN,NaN,,,,,0.03073541908600434
alexa,domain,radio,5,32,0,1,7.822592673611111,NaN,NaN,NaN,NaN,NaN,NaN,NaN,NaN,NaN,NaN,NaN,NaN,0.7000000000000001,NaN,NaN,NaN,NaN,0.0,,,,0.029514222387847167
alexa,language,de,2,6,0,0,1.4424404687499996,NaN,NaN,NaN,NaN,NaN,NaN,NaN,NaN,NaN,NaN,NaN,NaN,0.41000000000000003,NaN,NaN,NaN,NaN,,,,,0.03137144288812359
alexa,language,en,332,332,329,0,0.7162689583333333,0.057750759878419454,0.057750759878419454,0.057750759878419454,0.057750759878419454,0.03338145896656535,1.0,0.03338145896656535,1.0,0.03328046324269889,1.0,0.01973833426287417,1.0,0.985,0.0243161094224924,0.05775075987841946,0.03321123234161375,1.0000000000000002,,-1.156,-0.74,-0.5654399999999996,0.04456331015616241
alexa,language,es,5,22,0,0,5.263534479166667,NaN,NaN,NaN,NaN,NaN,NaN,NaN,NaN,NaN,NaN,NaN,NaN,0.74,NaN,NaN,NaN,NaN,,,,,0.029347991394646063
alexa,language,fr,3,16,0,1,3.8460628993055557,NaN,NaN,NaN,NaN,NaN,NaN,NaN,NaN,NaN,NaN,NaN,NaN,0.34,NaN,NaN,NaN,NaN,0.0,,,,0.029650361326761025
alexa,sealed,no,305,336,293,1,10.34596013888889,0.05460750853242321,0.04778156996587031,0.017064846416382253,0.013651877133105802,0.030978492712406686,0.095927750410509,0.010272333837655256,0.06984380330425458,0.0034539434435031623,0.057730024213075055,0.0033610715657695525,0.027303754266211604,0.96,0.030716723549488054,0.03670228274478192,0.018203265594115392,0.05803219271004901,0.0,-1.18,-0.74,-0.54,0.04355574800607661
alexa,sealed,yes,37,40,36,0,0.9223466666666666,0.08333333333333333,0.08333333333333333,0.08333333333333333,0.027777777777777776,0.0,1.0,0.0,1.0,0.0,1.0,0.0,1.0,0.985,0.05555555555555555,0.0781686208821887,0.0,1.0000000000000002,,-1.2999999999999998,-0.7960000000000002,-0.63312,0.041552639253621175
alexa,source,espika_fm,2,16,0,0,3.9765297743055554,NaN,NaN,NaN,NaN,NaN,NaN,NaN,NaN,NaN,NaN,NaN,NaN,0.84,NaN,NaN,NaN,NaN,,,,,0.029207151690381333
alexa,source,hackerpublicradio,3,3,0,0,0.7162689583333334,NaN,NaN,NaN,NaN,NaN,NaN,NaN,NaN,NaN,NaN,NaN,NaN,0.12,NaN,NaN,NaN,NaN,,,,,0.030238970234872035
alexa,source,kde_espana,3,6,0,0,1.2870047048611108,NaN,NaN,NaN,NaN,NaN,NaN,NaN,NaN,NaN,NaN,NaN,NaN,0.505,NaN,NaN,NaN,NaN,,,,,0.030440453646926866
alexa,source,kuechenradio,2,6,0,0,1.4424404687499996,NaN,NaN,NaN,NaN,NaN,NaN,NaN,NaN,NaN,NaN,NaN,NaN,0.41000000000000003,NaN,NaN,NaN,NaN,,,,,0.03137144288812359
alexa,source,libre_a_vous,3,16,0,1,3.8460628993055557,NaN,NaN,NaN,NaN,NaN,NaN,NaN,NaN,NaN,NaN,NaN,NaN,0.34,NaN,NaN,NaN,NaN,0.0,,,,0.029650361326761025
alexa,source,picovoice_wake_word_benchmark,329,329,329,0,0.0,,,,,1.0,1.0,1.0,1.0,1.0,1.0,1.0,1.0,,NaN,1.0000000000000002,1.0000000000000002,1.0000000000000002,,,,,0.04458746105363523
alexa,tier,A,342,376,329,1,11.268306805555556,0.057750759878419454,0.05167173252279635,0.0243161094224924,0.015197568389057751,0.03624863088718511,0.09410530727286123,0.021403654795750415,0.07717264902481455,0.01213871235147831,0.06287425149700598,0.0030581039755351682,0.03188330660473001,0.96,0.0364741641337386,0.04235463029432879,0.023395342040363788,0.06445974926502564,0.0,-1.18,-0.74,-0.5444000000000006,0.04324945851251305
hey jarvis,all,all,342,376,0,0,11.49917236111111,NaN,NaN,NaN,NaN,NaN,NaN,NaN,NaN,NaN,NaN,NaN,NaN,0.36,NaN,NaN,NaN,NaN,,,,,0.04324945851251305
hey jarvis,domain,other,329,329,0,0,0.23086555555555555,NaN,NaN,NaN,NaN,NaN,NaN,NaN,NaN,NaN,NaN,NaN,NaN,0.115,NaN,NaN,NaN,NaN,,,,,0.04458746105363523
hey jarvis,domain,podcast,8,15,0,0,3.4457141319444444,NaN,NaN,NaN,NaN,NaN,NaN,NaN,NaN,NaN,NaN,NaN,NaN,0.31,NaN,NaN,NaN,NaN,,,,,0.03073541908600434
hey jarvis,domain,radio,5,32,0,0,7.822592673611111,NaN,NaN,NaN,NaN,NaN,NaN,NaN,NaN,NaN,NaN,NaN,NaN,0.405,NaN,NaN,NaN,NaN,,,,,0.029514222387847167
hey jarvis,language,de,2,6,0,0,1.4424404687499996,NaN,NaN,NaN,NaN,NaN,NaN,NaN,NaN,NaN,NaN,NaN,NaN,0.465,NaN,NaN,NaN,NaN,,,,,0.03137144288812359
hey jarvis,language,en,332,332,0,0,0.9471345138888889,NaN,NaN,NaN,NaN,NaN,NaN,NaN,NaN,NaN,NaN,NaN,NaN,0.245,NaN,NaN,NaN,NaN,,,,,0.04456331015616241
hey jarvis,language,es,5,22,0,0,5.263534479166667,NaN,NaN,NaN,NaN,NaN,NaN,NaN,NaN,NaN,NaN,NaN,NaN,0.41500000000000004,NaN,NaN,NaN,NaN,,,,,0.029347991394646063
hey jarvis,language,fr,3,16,0,0,3.8460628993055557,NaN,NaN,NaN,NaN,NaN,NaN,NaN,NaN,NaN,NaN,NaN,NaN,0.28500000000000003,NaN,NaN,NaN,NaN,,,,,0.029650361326761025
hey jarvis,sealed,no,305,336,0,0,10.550519027777776,NaN,NaN,NaN,NaN,NaN,NaN,NaN,NaN,NaN,NaN,NaN,NaN,0.36,NaN,NaN,NaN,NaN,,,,,0.04355574800607661
hey jarvis,sealed,yes,37,40,0,0,0.9486533333333332,NaN,NaN,NaN,NaN,NaN,NaN,NaN,NaN,NaN,NaN,NaN,NaN,0.28500000000000003,NaN,NaN,NaN,NaN,,,,,0.041552639253621175
hey jarvis,source,espika_fm,2,16,0,0,3.9765297743055554,NaN,NaN,NaN,NaN,NaN,NaN,NaN,NaN,NaN,NaN,NaN,NaN,0.43,NaN,NaN,NaN,NaN,,,,,0.029207151690381333
hey jarvis,source,hackerpublicradio,3,3,0,0,0.7162689583333334,NaN,NaN,NaN,NaN,NaN,NaN,NaN,NaN,NaN,NaN,NaN,NaN,0.245,NaN,NaN,NaN,NaN,,,,,0.030238970234872035
hey jarvis,source,kde_espana,3,6,0,0,1.2870047048611108,NaN,NaN,NaN,NaN,NaN,NaN,NaN,NaN,NaN,NaN,NaN,NaN,0.275,NaN,NaN,NaN,NaN,,,,,0.030440453646926866
hey jarvis,source,kuechenradio,2,6,0,0,1.4424404687499996,NaN,NaN,NaN,NaN,NaN,NaN,NaN,NaN,NaN,NaN,NaN,NaN,0.465,NaN,NaN,NaN,NaN,,,,,0.03137144288812359
hey jarvis,source,libre_a_vous,3,16,0,0,3.8460628993055557,NaN,NaN,NaN,NaN,NaN,NaN,NaN,NaN,NaN,NaN,NaN,NaN,0.28500000000000003,NaN,NaN,NaN,NaN,,,,,0.029650361326761025
hey jarvis,source,picovoice_wake_word_benchmark,329,329,0,0,0.23086555555555555,NaN,NaN,NaN,NaN,NaN,NaN,NaN,NaN,NaN,NaN,NaN,NaN,0.115,NaN,NaN,NaN,NaN,,,,,0.04458746105363523
hey jarvis,tier,A,342,376,0,0,11.49917236111111,NaN,NaN,NaN,NaN,NaN,NaN,NaN,NaN,NaN,NaN,NaN,NaN,0.36,NaN,NaN,NaN,NaN,,,,,0.04324945851251305
hey mycroft,all,all,342,376,0,0,11.49917236111111,NaN,NaN,NaN,NaN,NaN,NaN,NaN,NaN,NaN,NaN,NaN,NaN,0.01,NaN,NaN,NaN,NaN,,,,,0.04324945851251305
hey mycroft,domain,other,329,329,0,0,0.23086555555555555,NaN,NaN,NaN,NaN,NaN,NaN,NaN,NaN,NaN,NaN,NaN,NaN,0.435,NaN,NaN,NaN,NaN,,,,,0.04458746105363523
hey mycroft,domain,podcast,8,15,0,0,3.4457141319444444,NaN,NaN,NaN,NaN,NaN,NaN,NaN,NaN,NaN,NaN,NaN,NaN,0.01,NaN,NaN,NaN,NaN,,,,,0.03073541908600434
hey mycroft,domain,radio,5,32,0,0,7.822592673611111,NaN,NaN,NaN,NaN,NaN,NaN,NaN,NaN,NaN,NaN,NaN,NaN,0.005,NaN,NaN,NaN,NaN,,,,,0.029514222387847167
hey mycroft,language,de,2,6,0,0,1.4424404687499996,NaN,NaN,NaN,NaN,NaN,NaN,NaN,NaN,NaN,NaN,NaN,NaN,0.005,NaN,NaN,NaN,NaN,,,,,0.03137144288812359
hey mycroft,language,en,332,332,0,0,0.9471345138888889,NaN,NaN,NaN,NaN,NaN,NaN,NaN,NaN,NaN,NaN,NaN,NaN,0.435,NaN,NaN,NaN,NaN,,,,,0.04456331015616241
hey mycroft,language,es,5,22,0,0,5.263534479166667,NaN,NaN,NaN,NaN,NaN,NaN,NaN,NaN,NaN,NaN,NaN,NaN,0.01,NaN,NaN,NaN,NaN,,,,,0.029347991394646063
hey mycroft,language,fr,3,16,0,0,3.8460628993055557,NaN,NaN,NaN,NaN,NaN,NaN,NaN,NaN,NaN,NaN,NaN,NaN,0.005,NaN,NaN,NaN,NaN,,,,,0.029650361326761025
hey mycroft,sealed,no,305,336,0,0,10.550519027777776,NaN,NaN,NaN,NaN,NaN,NaN,NaN,NaN,NaN,NaN,NaN,NaN,0.01,NaN,NaN,NaN,NaN,,,,,0.04355574800607661
hey mycroft,sealed,yes,37,40,0,0,0.9486533333333332,NaN,NaN,NaN,NaN,NaN,NaN,NaN,NaN,NaN,NaN,NaN,NaN,0.015,NaN,NaN,NaN,NaN,,,,,0.041552639253621175
hey mycroft,source,espika_fm,2,16,0,0,3.9765297743055554,NaN,NaN,NaN,NaN,NaN,NaN,NaN,NaN,NaN,NaN,NaN,NaN,0.01,NaN,NaN,NaN,NaN,,,,,0.029207151690381333
hey mycroft,source,hackerpublicradio,3,3,0,0,0.7162689583333334,NaN,NaN,NaN,NaN,NaN,NaN,NaN,NaN,NaN,NaN,NaN,NaN,0.405,NaN,NaN,NaN,NaN,,,,,0.030238970234872035
hey mycroft,source,kde_espana,3,6,0,0,1.2870047048611108,NaN,NaN,NaN,NaN,NaN,NaN,NaN,NaN,NaN,NaN,NaN,NaN,0.01,NaN,NaN,NaN,NaN,,,,,0.030440453646926866
hey mycroft,source,kuechenradio,2,6,0,0,1.4424404687499996,NaN,NaN,NaN,NaN,NaN,NaN,NaN,NaN,NaN,NaN,NaN,NaN,0.005,NaN,NaN,NaN,NaN,,,,,0.03137144288812359
hey mycroft,source,libre_a_vous,3,16,0,0,3.8460628993055557,NaN,NaN,NaN,NaN,NaN,NaN,NaN,NaN,NaN,NaN,NaN,NaN,0.005,NaN,NaN,NaN,NaN,,,,,0.029650361326761025
hey mycroft,source,picovoice_wake_word_benchmark,329,329,0,0,0.23086555555555555,NaN,NaN,NaN,NaN,NaN,NaN,NaN,NaN,NaN,NaN,NaN,NaN,0.435,NaN,NaN,NaN,NaN,,,,,0.04458746105363523
hey mycroft,tier,A,342,376,0,0,11.49917236111111,NaN,NaN,NaN,NaN,NaN,NaN,NaN,NaN,NaN,NaN,NaN,NaN,0.01,NaN,NaN,NaN,NaN,,,,,0.04324945851251305
